id,first_name,last_name,email,gender,ip_address,city,state,country,phone
1,John,Doe,john.doe@example.com,Male,192.168.1.1,New York,NY,USA,123-456-7890
2,Jane,Smith,jane.smith@example.com,Female,192.168.1.2,Los Angeles,CA,USA,123-456-7891
3,Jim,Brown,jim.brown@example.com,Male,192.168.1.3,Chicago,IL,USA,123-456-7892
4,Emily,Davis,emily.davis@example.com,Female,192.168.1.4,Houston,TX,USA,123-456-7893
5,Michael,Wilson,michael.wilson@example.com,Male,192.168.1.5,Phoenix,AZ,USA,123-456-7894
6,Sarah,Johnson,sarah.johnson@example.com,Female,192.168.1.6,Philadelphia,PA,USA,123-456-7895
7,David,Lee,david.lee@example.com,Male,192.168.1.7,San Antonio,TX,USA,123-456-7896
8,Laura,Martinez,laura.martinez@example.com,Female,192.168.1.8,San Diego,CA,USA,123-456-7897
9,Robert,Garcia,robert.garcia@example.com,Male,192.168.1.9,Dallas,TX,USA,123-456-7898
10,Linda,Anderson,linda.anderson@example.com,Female,192.168.1.10,San Jose,CA,USA,123-456-7899
11,James,Thomas,james.thomas@example.com,Male,192.168.1.11,Austin,TX,USA,123-456-7800
12,Patricia,Jackson,patricia.jackson@example.com,Female,192.168.1.12,Jacksonville,FL,USA,123-456-7801
13,Charles,White,charles.white@example.com,Male,192.168.1.13,Fort Worth,TX,USA,123-456-7802
14,Barbara,Harris,barbara.harris@example.com,Female,192.168.1.14,Columbus,OH,USA,123-456-7803
15,Joseph,Clark,joseph.clark@example.com,Male,192.168.1.15,Charlotte,NC,USA,123-456-7804
16,Jennifer,Lopez,jennifer.lopez@example.com,Female,192.168.1.16,San Francisco,CA,USA,123-456-7805
17,Thomas,Walker,thomas.walker@example.com,Male,192.168.1.17,Indianapolis,IN,USA,123-456-7806
18,Mary,Hall,mary.hall@example.com,Female,192.168.1.18,Seattle,WA,USA,123-456-7807
19,Christopher,Allen,christopher.allen@example.com,Male,192.168.1.19,Denver,CO,USA,123-456-7808
20,Elizabeth,Young,elizabeth.young@example.com,Female,192.168.1.20,Washington,DC,USA,123-456-7809
21,Daniel,Hernandez,daniel.hernandez@example.com,Male,192.168.1.21,Boston,MA,USA,123-456-7810
22,Nancy,King,nancy.king@example.com,Female,192.168.1.22,El Paso,TX,USA,123-456-7811
23,Matthew,Wright,matthew.wright@example.com,Male,192.168.1.23,Nashville,TN,USA,123-456-7812
24,Karen,Lopez,karen.lopez@example.com,Female,192.168.1.24,Detroit,MI,USA,123-456-7813
25,Donald,Scott,donald.scott@example.com,Male,192.168.1.25,Memphis,TN,USA,123-456-7814
26,Lisa,Green,lisa.green@example.com,Female,192.168.1.26,Portland,OR,USA,123-456-7815
27,Paul,Adams,paul.adams@example.com,Male,192.168.1.27,Oklahoma City,OK,USA,123-456-7816
28,Susan,Baker,susan.baker@example.com,Female,192.168.1.28,Las Vegas,NV,USA,123-456-7817
29,Mark,Nelson,mark.nelson@example.com,Male,192.168.1.29,Louisville,KY,USA,123-456-7818
30,Dorothy,Mitchell,dorothy.mitchell@example.com,Female,192.168.1.30,Baltimore,MD,USA,123-456-7819
31,Steven,Perez,steven.perez@example.com,Male,192.168.1.31,Milwaukee,WI,USA,123-456-7820
32,Betty,Roberts,betty.roberts@example.com,Female,192.168.1.32,Albuquerque,NM,USA,123-456-7821
33,George,Turner,george.turner@example.com,Male,192.168.1.33,Tucson,AZ,USA,123-456-7822
34,Helen,Phillips,helen.phillips@example.com,Female,192.168.1.34,Fresno,CA,USA,123-456-7823
35,Edward,Campbell,edward.campbell@example.com,Male,192.168.1.35,Sacramento,CA,USA,123-456-7824
36,Margaret,Parker,margaret.parker@example.com,Female,192.168.1.36,Kansas City,MO,USA,123-456-7825
37,Brian,Evans,brian.evans@example.com,Male,192.168.1.37,Long Beach,CA,USA,123-456-7826
38,Sandra,Edwards,sandra.edwards@example.com,Female,192.168.1.38,Mesa,AZ,USA,123-456-7827
39,Kevin,Collins,kevin.collins@example.com,Male,192.168.1.39,Atlanta,GA,USA,123-456-7828
40,Ashley,Stewart,ashley.stewart@example.com,Female,192.168.1.40,Colorado Springs,CO,USA,123-456-7829
41,Joshua,Sanchez,joshua.sanchez@example.com,Male,192.168.1.41,Virginia Beach,VA,USA,123-456-7830
42,Deborah,Morris,deborah.morris@example.com,Female,192.168.1.42,Omaha,NE,USA,123-456-7831
43,Jason,Rogers,jason.rogers@example.com,Male,192.168.1.43,Miami,FL,USA,123-456-7832
44,Stephanie,Reed,stephanie.reed@example.com,Female,192.168.1.44,Oakland,CA,USA,123-456-7833
45,Jeffrey,Cook,jeffrey.cook@example.com,Male,192.168.1.45,Tulsa,OK,USA,123-456-7834
46,Amy,Morgan,amy.morgan@example.com,Female,192.168.1.46,Minneapolis,MN,USA,123-456-7835
47,Ryan,Bell,ryan.bell@example.com,Male,192.168.1.47,Arlington,TX,USA,123-456-7836
48,Sharon,Murphy,sharon.murphy@example.com,Female,192.168.1.48,New Orleans,LA,USA,123-456-7837
49,Jacob,Bailey,jacob.bailey@example.com,Male,192.168.1.49,Wichita,KS,USA,123-456-7838
50,Michelle,Rivera,michelle.rivera@example.com,Female,192.168.1.50,Cleveland,OH,USA,123-456-7839
51,Gary,Cooper,gary.cooper@example.com,Male,192.168.1.51,Tampa,FL,USA,123-456-7840
52,Laura,Richardson,laura.richardson@example.com,Female,192.168.1.52,Aurora,CO,USA,123-456-7841
53,Frank,Cox,frank.cox@example.com,Male,192.168.1.53,Honolulu,HI,USA,123-456-7842
54,Kimberly,Howard,kimberly.howard@example.com,Female,192.168.1.54,Anaheim,CA,USA,123-456-7843
55,Eric,Ward,eric.ward@example.com,Male,192.168.1.55,Santa Ana,CA,USA,123-456-7844
56,Jessica,Torres,jessica.torres@example.com,Female,192.168.1.56,St. Louis,MO,USA,123-456-7845
57,Stephen,Peterson,stephen.peterson@example.com,Male,192.168.1.57,Riverside,CA,USA,123-456-7846
58,Rebecca,Gray,rebecca.gray@example.com,Female,192.168.1.58,Corpus Christi,TX,USA,123-456-7847
59,Raymond,Ramirez,raymond.ramirez@example.com,Male,192.168.1.59,Lexington,KY,USA,123-456-7848
60,Shirley,James,shirley.james@example.com,Female,192.168.1.60,Pittsburgh,PA,USA,123-456-7849
61,Patrick,Watson,patrick.watson@example.com,Male,192.168.1.61,Anchorage,AK,USA,123-456-7850
62,Angela,Brooks,angela.brooks@example.com,Female,192.168.1.62,Cincinnati,OH,USA,123-456-7851
63,Samuel,Kelly,samuel.kelly@example.com,Male,192.168.1.63,Henderson,NV,USA,123-456-7852
64,Melissa,Sanders,melissa.sanders@example.com,Female,192.168.1.64,Greensboro,NC,USA,123-456-7853
65,Gregory,Price,gregory.price@example.com,Male,192.168.1.65,Plano,TX,USA,123-456-7854
66,Debra,Bennett,debra.bennett@example.com,Female,192.168.1.66,Lincoln,NE,USA,123-456-7855
67,Scott,Barnes,scott.barnes@example.com,Male,192.168.1.67,Buffalo,NY,USA,123-456-7856
68,Carol,Reed,carol.reed@example.com,Female,192.168.1.68,Fort Wayne,IN,USA,123-456-7857
69,Justin,Butler,justin.butler@example.com,Male,192.168.1.69,Jersey City,NJ,USA,123-456-7858
70,Brenda,Foster,brenda.foster@example.com,Female,192.168.1.70,Chula Vista,CA,USA,123-456-7859
71,Brandon,Gonzalez,brandon.gonzalez@example.com,Male,192.168.1.71,Orlando,FL,USA,123-456-7860
72,Anna,Diaz,anna.diaz@example.com,Female,192.168.1.72,St. Petersburg,FL,USA,123-456-7861
73,Jonathan,Hayes,jonathan.hayes@example.com,Male,192.168.1.73,Norfolk,VA,USA,123-456-7862
74,Katherine,Myers,katherine.myers@example.com,Female,192.168.1.74,Chandler,AZ,USA,123-456-7863
75,Benjamin,Long,benjamin.long@example.com,Male,192.168.1.75,Glendale,AZ,USA,123-456-7864
76,Shirley,Jordan,shirley.jordan@example.com,Female,192.168.1.76,Scottsdale,AZ,USA,123-456-7865
77,Adam,Owens,adam.owens@example.com,Male,192.168.1.77,Irving,TX,USA,123-456-7866
78,Christine,Reynolds,christine.reynolds@example.com,Female,192.168.1.78,Garland,TX,USA,123-456-7867
79,Jose,Perkins,jose.perkins@example.com,Male,192.168.1.79,Hialeah,FL,USA,123-456-7868
80,Marie,Richards,marie.richards@example.com,Female,192.168.1.80,Boise,ID,USA,123-456-7869
81,Timothy,Wallace,timothy.wallace@example.com,Male,192.168.1.81,Spokane,WA,USA,123-456-7870
82,Janet,Wood,janet.wood@example.com,Female,192.168.1.82,Modesto,CA,USA,123-456-7871
83,Anthony,West,anthony.west@example.com,Male,192.168.1.83,Des Moines,IA,USA,123-456-7872
84,Frances,Stone,frances.stone@example.com,Female,192.168.1.84,San Bernardino,CA,USA,123-456-7873
85,Henry,Scott,henry.scott@example.com,Male,192.168.1.85,Birmingham,AL,USA,123-456-7874
86,Ann,Young,ann.young@example.com,Female,192.168.1.86,Augusta,GA,USA,123-456-7875
87,Peter,King,peter.king@example.com,Male,192.168.1.87,Mobile,AL,USA,123-456-7876
88,Gloria,Campbell,gloria.campbell@example.com,Female,192.168.1.88,Shreveport,LA,USA,123-456-7877
89,Dennis,Mitchell,dennis.mitchell@example.com,Male,192.168.1.89,Knoxville,TN,USA,123-456-7878
90,Teresa,Carter,teresa.carter@example.com,Female,192.168.1.90,Chattanooga,TN,USA,123-456-7879
91,Arthur,Roberts,arthur.roberts@example.com,Male,192.168.1.91,Little Rock,AR,USA,123-456-7880
92,Doris,Phillips,doris.phillips@example.com,Female,192.168.1.92,Amarillo,TX,USA,123-456-7881
93,Lawrence,Evans,lawrence.evans@example.com,Male,192.168.1.93,Columbus,GA,USA,123-456-7882
94,Janice,Turner,janice.turner@example.com,Female,192.168.1.94,Grand Rapids,MI,USA,123-456-7883
95,Gerald,Parker,gerald.parker@example.com,Male,192.168.1.95,Tallahassee,FL,USA,123-456-7884
96,Julia,Collins,julia.collins@example.com,Female,192.168.1.96,Huntsville,AL,USA,123-456-7885
97,Albert,Edwards,albert.edwards@example.com,Male,192.168.1.97,Montgomery,AL,USA,123-456-7886
98,Joyce,Stewart,joyce.stewart@example.com,Female,192.168.1.98,Sioux Falls,SD,USA,123-456-7887
99,Wayne,Sanchez,wayne.sanchez@example.com,Male,192.168.1.99,Springfield,MO,USA,123-456-7888
100,Victoria,Morris,victoria.morris@example.com,Female,192.168.1.100,Salem,OR,USA,123-456-7889